NAME,SEASON,LAT,LON,WMO_WIND,ISO_TIME,STORM_LABEL
YASI,2011,-13.9,157.6,,2011-01-31 21:00:00,Yasi (2011)
YASI,2011,-14.1,156.7,80.0,2011-02-01 00:00:00,Yasi (2011)
YASI,2011,-14.2,155.8,,2011-02-01 03:00:00,Yasi (2011)
YASI,2011,-14.4,155.0,90.0,2011-02-01 06:00:00,Yasi (2011)
YASI,2011,-14.6,154.1,,2011-02-01 09:00:00,Yasi (2011)
YASI,2011,-15.0,153.3,105.0,2011-02-01 12:00:00,Yasi (2011)
YASI,2011,-15.3,152.5,,2011-02-01 15:00:00,Yasi (2011)
YASI,2011,-15.8,151.7,105.0,2011-02-01 18:00:00,Yasi (2011)
YASI,2011,-16.1,150.7,,2011-02-01 21:00:00,Yasi (2011)
YASI,2011,-16.5,149.8,105.0,2011-02-02 00:00:00,Yasi (2011)
YASI,2011,-16.8,148.9,,2011-02-02 03:00:00,Yasi (2011)
YASI,2011,-17.1,148.1,110.0,2011-02-02 06:00:00,Yasi (2011)
YASI,2011,-17.2,147.5,,2011-02-02 09:00:00,Yasi (2011)
YASI,2011,-17.5,146.9,110.0,2011-02-02 12:00:00,Yasi (2011)
YASI,2011,-17.9,146.1,110.0,2011-02-02 14:30:00,Yasi (2011)
YASI,2011,-17.9,146.0,,2011-02-02 15:00:00,Yasi (2011)
YASI,2011,-18.4,145.1,85.0,2011-02-02 18:00:00,Yasi (2011)
YASI,2011,-18.9,144.1,,2011-02-02 21:00:00,Yasi (2011)
YASI,2011,-19.3,143.2,50.0,2011-02-03 00:00:00,Yasi (2011)
YASI,2011,-19.7,142.3,,2011-02-03 03:00:00,Yasi (2011)
YASI,2011,-19.9,141.6,35.0,2011-02-03 06:00:00,Yasi (2011)
YASI,2011,-20.2,141.0,,2011-02-03 09:00:00,Yasi (2011)
YASI,2011,-20.4,140.4,30.0,2011-02-03 12:00:00,Yasi (2011)
YASI,2011,-20.7,139.9,,2011-02-03 15:00:00,Yasi (2011)
YASI,2011,-21.0,139.4,,2011-02-03 18:00:00,Yasi (2011)
YASI,2011,-21.3,138.9,,2011-02-03 21:00:00,Yasi (2011)
YASI,2011,-21.6,138.5,,2011-02-04 00:00:00,Yasi (2011)
YASI,2011,-22.0,138.1,,2011-02-04 03:00:00,Yasi (2011)
HAMISH,2009,-12.6,148.2,,2009-03-04 18:00:00,Hamish (2009)
HAMISH,2009,-12.8,148.0,,2009-03-04 21:00:00,Hamish (2009)
HAMISH,2009,-13.0,147.7,30.0,2009-03-05 00:00:00,Hamish (2009)
HAMISH,2009,-13.1,147.5,,2009-03-05 03:00:00,Hamish (2009)
HAMISH,2009,-13.2,147.3,35.0,2009-03-05 06:00:00,Hamish (2009)
HAMISH,2009,-13.3,147.1,,2009-03-05 09:00:00,Hamish (2009)
HAMISH,2009,-13.4,147.1,50.0,2009-03-05 12:00:00,Hamish (2009)
HAMISH,2009,-13.7,147.0,,2009-03-05 15:00:00,Hamish (2009)
HAMISH,2009,-14.0,146.9,55.0,2009-03-05 18:00:00,Hamish (2009)
HAMISH,2009,-14.3,146.9,,2009-03-05 21:00:00,Hamish (2009)
HAMISH,2009,-14.5,146.9,60.0,2009-03-06 00:00:00,Hamish (2009)
HAMISH,2009,-14.7,146.8,,2009-03-06 03:00:00,Hamish (2009)
HAMISH,2009,-14.9,146.8,65.0,2009-03-06 06:00:00,Hamish (2009)
HAMISH,2009,-15.2,147.0,,2009-03-06 09:00:00,Hamish (2009)
HAMISH,2009,-15.5,147.3,80.0,2009-03-06 12:00:00,Hamish (2009)
HAMISH,2009,-15.9,147.5,,2009-03-06 15:00:00,Hamish (2009)
HAMISH,2009,-16.3,147.8,90.0,2009-03-06 18:00:00,Hamish (2009)
HAMISH,2009,-16.7,148.0,,2009-03-06 21:00:00,Hamish (2009)
HAMISH,2009,-17.1,148.3,100.0,2009-03-07 00:00:00,Hamish (2009)
HAMISH,2009,-17.5,148.5,,2009-03-07 03:00:00,Hamish (2009)
HAMISH,2009,-17.9,148.8,110.0,2009-03-07 06:00:00,Hamish (2009)
HAMISH,2009,-18.3,149.1,,2009-03-07 09:00:00,Hamish (2009)
HAMISH,2009,-18.6,149.4,115.0,2009-03-07 12:00:00,Hamish (2009)
HAMISH,2009,-18.9,149.7,,2009-03-07 15:00:00,Hamish (2009)
HAMISH,2009,-19.2,150.0,115.0,2009-03-07 18:00:00,Hamish (2009)
HAMISH,2009,-19.6,150.3,,2009-03-07 21:00:00,Hamish (2009)
HAMISH,2009,-20.0,150.5,115.0,2009-03-08 00:00:00,Hamish (2009)
HAMISH,2009,-20.4,150.8,,2009-03-08 03:00:00,Hamish (2009)
HAMISH,2009,-20.7,151.0,115.0,2009-03-08 06:00:00,Hamish (2009)
HAMISH,2009,-21.0,151.3,,2009-03-08 09:00:00,Hamish (2009)
HAMISH,2009,-21.2,151.5,115.0,2009-03-08 12:00:00,Hamish (2009)
HAMISH,2009,-21.4,151.8,,2009-03-08 15:00:00,Hamish (2009)
HAMISH,2009,-21.6,152.1,115.0,2009-03-08 18:00:00,Hamish (2009)
HAMISH,2009,-21.8,152.4,,2009-03-08 21:00:00,Hamish (2009)
HAMISH,2009,-22.1,152.7,95.0,2009-03-09 00:00:00,Hamish (2009)
HAMISH,2009,-22.5,153.0,,2009-03-09 03:00:00,Hamish (2009)
HAMISH,2009,-22.8,153.3,95.0,2009-03-09 06:00:00,Hamish (2009)
HAMISH,2009,-23.0,153.5,,2009-03-09 09:00:00,Hamish (2009)
HAMISH,2009,-23.2,153.8,90.0,2009-03-09 12:00:00,Hamish (2009)
HAMISH,2009,-23.5,154.0,,2009-03-09 15:00:00,Hamish (2009)
HAMISH,2009,-23.8,154.2,90.0,2009-03-09 18:00:00,Hamish (2009)
HAMISH,2009,-24.0,154.5,,2009-03-09 21:00:00,Hamish (2009)
HAMISH,2009,-24.2,154.8,90.0,2009-03-10 00:00:00,Hamish (2009)
HAMISH,2009,-24.5,155.2,,2009-03-10 03:00:00,Hamish (2009)
HAMISH,2009,-24.7,155.6,90.0,2009-03-10 06:00:00,Hamish (2009)
HAMISH,2009,-24.7,155.9,,2009-03-10 09:00:00,Hamish (2009)
HAMISH,2009,-24.7,156.0,80.0,2009-03-10 12:00:00,Hamish (2009)
HAMISH,2009,-24.7,155.9,,2009-03-10 15:00:00,Hamish (2009)
HAMISH,2009,-24.7,155.6,70.0,2009-03-10 18:00:00,Hamish (2009)
HAMISH,2009,-24.5,155.3,,2009-03-10 21:00:00,Hamish (2009)
HAMISH,2009,-24.3,155.1,60.0,2009-03-11 00:00:00,Hamish (2009)
HAMISH,2009,-23.9,155.0,,2009-03-11 03:00:00,Hamish (2009)
HAMISH,2009,-23.4,154.9,60.0,2009-03-11 06:00:00,Hamish (2009)
HAMISH,2009,-23.0,154.7,,2009-03-11 09:00:00,Hamish (2009)
HAMISH,2009,-22.6,154.5,45.0,2009-03-11 12:00:00,Hamish (2009)
HAMISH,2009,-22.3,154.1,,2009-03-11 15:00:00,Hamish (2009)
HAMISH,2009,-22.0,153.7,30.0,2009-03-11 18:00:00,Hamish (2009)
HAMISH,2009,-21.8,153.2,,2009-03-11 21:00:00,Hamish (2009)
HAMISH,2009,-21.8,152.7,,2009-03-12 00:00:00,Hamish (2009)
HAMISH,2009,-21.6,152.3,,2009-03-12 03:00:00,Hamish (2009)
HAMISH,2009,-21.4,151.9,,2009-03-12 06:00:00,Hamish (2009)
HAMISH,2009,-21.1,151.6,,2009-03-12 09:00:00,Hamish (2009)
HAMISH,2009,-20.8,151.4,,2009-03-12 12:00:00,Hamish (2009)
HAMISH,2009,-20.6,151.2,,2009-03-12 15:00:00,Hamish (2009)
HAMISH,2009,-20.4,151.0,,2009-03-12 18:00:00,Hamish (2009)
HAMISH,2009,-20.2,150.9,,2009-03-12 21:00:00,Hamish (2009)
HAMISH,2009,-20.1,150.9,,2009-03-13 00:00:00,Hamish (2009)
HAMISH,2009,-20.0,150.8,,2009-03-13 03:00:00,Hamish (2009)
HAMISH,2009,-19.8,150.7,,2009-03-13 06:00:00,Hamish (2009)
HAMISH,2009,-19.6,150.6,,2009-03-13 09:00:00,Hamish (2009)
HAMISH,2009,-19.3,150.4,,2009-03-13 12:00:00,Hamish (2009)
HAMISH,2009,-19.1,150.0,,2009-03-13 15:00:00,Hamish (2009)
HAMISH,2009,-18.8,149.6,,2009-03-13 18:00:00,Hamish (2009)
HAMISH,2009,-18.3,149.3,,2009-03-13 21:00:00,Hamish (2009)
HAMISH,2009,-17.7,149.1,,2009-03-14 00:00:00,Hamish (2009)
JASPER,2024,-8.3,158.0,,2023-12-04 09:00:00,Jasper (2024)
JASPER,2024,-8.5,157.9,25.0,2023-12-04 12:00:00,Jasper (2024)
JASPER,2024,-8.7,157.7,,2023-12-04 15:00:00,Jasper (2024)
JASPER,2024,-8.9,157.5,30.0,2023-12-04 18:00:00,Jasper (2024)
JASPER,2024,-9.0,157.4,,2023-12-04 21:00:00,Jasper (2024)
JASPER,2024,-9.1,157.4,30.0,2023-12-05 00:00:00,Jasper (2024)
JASPER,2024,-9.3,157.3,,2023-12-05 03:00:00,Jasper (2024)
JASPER,2024,-9.4,157.2,35.0,2023-12-05 06:00:00,Jasper (2024)
JASPER,2024,-9.4,157.2,,2023-12-05 09:00:00,Jasper (2024)
JASPER,2024,-9.5,157.3,40.0,2023-12-05 12:00:00,Jasper (2024)
JASPER,2024,-9.8,157.3,,2023-12-05 15:00:00,Jasper (2024)
JASPER,2024,-10.1,157.3,45.0,2023-12-05 18:00:00,Jasper (2024)
JASPER,2024,-10.3,157.3,,2023-12-05 21:00:00,Jasper (2024)
JASPER,2024,-10.6,157.3,50.0,2023-12-06 00:00:00,Jasper (2024)
JASPER,2024,-10.8,157.3,,2023-12-06 03:00:00,Jasper (2024)
JASPER,2024,-11.1,157.2,60.0,2023-12-06 06:00:00,Jasper (2024)
JASPER,2024,-11.3,157.2,,2023-12-06 09:00:00,Jasper (2024)
JASPER,2024,-11.5,157.2,70.0,2023-12-06 12:00:00,Jasper (2024)
JASPER,2024,-11.6,157.1,,2023-12-06 15:00:00,Jasper (2024)
JASPER,2024,-11.7,157.0,75.0,2023-12-06 18:00:00,Jasper (2024)
JASPER,2024,-11.9,157.0,,2023-12-06 21:00:00,Jasper (2024)
JASPER,2024,-12.1,157.0,80.0,2023-12-07 00:00:00,Jasper (2024)
JASPER,2024,-12.3,156.9,,2023-12-07 03:00:00,Jasper (2024)
JASPER,2024,-12.6,156.9,85.0,2023-12-07 06:00:00,Jasper (2024)
JASPER,2024,-12.8,156.8,,2023-12-07 09:00:00,Jasper (2024)
JASPER,2024,-13.1,156.8,95.0,2023-12-07 12:00:00,Jasper (2024)
JASPER,2024,-13.3,156.8,,2023-12-07 15:00:00,Jasper (2024)
JASPER,2024,-13.6,156.8,110.0,2023-12-07 18:00:00,Jasper (2024)
JASPER,2024,-13.9,156.7,,2023-12-07 21:00:00,Jasper (2024)
JASPER,2024,-14.2,156.6,115.0,2023-12-08 00:00:00,Jasper (2024)
JASPER,2024,-14.4,156.6,,2023-12-08 03:00:00,Jasper (2024)
JASPER,2024,-14.5,156.6,115.0,2023-12-08 06:00:00,Jasper (2024)
JASPER,2024,-14.8,156.5,,2023-12-08 09:00:00,Jasper (2024)
JASPER,2024,-15.0,156.5,110.0,2023-12-08 12:00:00,Jasper (2024)
JASPER,2024,-15.2,156.4,,2023-12-08 15:00:00,Jasper (2024)
JASPER,2024,-15.3,156.2,100.0,2023-12-08 18:00:00,Jasper (2024)
JASPER,2024,-15.3,156.0,,2023-12-08 21:00:00,Jasper (2024)
JASPER,2024,-15.4,155.9,90.0,2023-12-09 00:00:00,Jasper (2024)
JASPER,2024,-15.5,155.7,,2023-12-09 03:00:00,Jasper (2024)
JASPER,2024,-15.6,155.6,85.0,2023-12-09 06:00:00,Jasper (2024)
JASPER,2024,-15.7,155.4,,2023-12-09 09:00:00,Jasper (2024)
JASPER,2024,-15.8,155.2,70.0,2023-12-09 12:00:00,Jasper (2024)
JASPER,2024,-15.8,155.0,,2023-12-09 15:00:00,Jasper (2024)
JASPER,2024,-15.9,154.9,60.0,2023-12-09 18:00:00,Jasper (2024)
JASPER,2024,-16.0,154.6,,2023-12-09 21:00:00,Jasper (2024)
JASPER,2024,-16.3,154.3,55.0,2023-12-10 00:00:00,Jasper (2024)
JASPER,2024,-16.5,153.9,,2023-12-10 03:00:00,Jasper (2024)
JASPER,2024,-16.8,153.6,50.0,2023-12-10 06:00:00,Jasper (2024)
JASPER,2024,-17.1,153.2,,2023-12-10 09:00:00,Jasper (2024)
JASPER,2024,-17.3,152.7,50.0,2023-12-10 12:00:00,Jasper (2024)
JASPER,2024,-17.3,152.1,,2023-12-10 15:00:00,Jasper (2024)
JASPER,2024,-17.4,151.4,45.0,2023-12-10 18:00:00,Jasper (2024)
JASPER,2024,-17.6,150.8,,2023-12-10 21:00:00,Jasper (2024)
JASPER,2024,-17.8,150.3,45.0,2023-12-11 00:00:00,Jasper (2024)
JASPER,2024,-17.7,149.9,,2023-12-11 03:00:00,Jasper (2024)
JASPER,2024,-17.5,149.7,45.0,2023-12-11 06:00:00,Jasper (2024)
JASPER,2024,-17.2,149.3,,2023-12-11 09:00:00,Jasper (2024)
JASPER,2024,-17.0,149.0,45.0,2023-12-11 12:00:00,Jasper (2024)
JASPER,2024,-16.8,148.7,,2023-12-11 15:00:00,Jasper (2024)
JASPER,2024,-16.6,148.4,50.0,2023-12-11 18:00:00,Jasper (2024)
JASPER,2024,-16.4,148.1,,2023-12-11 21:00:00,Jasper (2024)
JASPER,2024,-16.2,148.0,45.0,2023-12-12 00:00:00,Jasper (2024)
JASPER,2024,-16.0,147.8,,2023-12-12 03:00:00,Jasper (2024)
JASPER,2024,-15.9,147.7,45.0,2023-12-12 06:00:00,Jasper (2024)
JASPER,2024,-15.8,147.6,,2023-12-12 09:00:00,Jasper (2024)
JASPER,2024,-15.7,147.5,45.0,2023-12-12 12:00:00,Jasper (2024)
JASPER,2024,-15.5,147.3,,2023-12-12 15:00:00,Jasper (2024)
JASPER,2024,-15.4,147.0,50.0,2023-12-12 18:00:00,Jasper (2024)
JASPER,2024,-15.6,146.7,,2023-12-12 21:00:00,Jasper (2024)
JASPER,2024,-15.7,146.4,50.0,2023-12-13 00:00:00,Jasper (2024)
JASPER,2024,-15.8,146.0,,2023-12-13 03:00:00,Jasper (2024)
JASPER,2024,-15.8,145.8,50.0,2023-12-13 06:00:00,Jasper (2024)
JASPER,2024,-15.9,145.5,,2023-12-13 09:00:00,Jasper (2024)
JASPER,2024,-15.9,145.4,50.0,2023-12-13 10:00:00,Jasper (2024)
JASPER,2024,-15.9,145.1,35.0,2023-12-13 12:00:00,Jasper (2024)
JASPER,2024,-16.0,144.7,,2023-12-13 15:00:00,Jasper (2024)
JASPER,2024,-16.0,144.4,30.0,2023-12-13 18:00:00,Jasper (2024)
JASPER,2024,-16.0,144.2,,2023-12-13 21:00:00,Jasper (2024)
JASPER,2024,-16.0,144.1,30.0,2023-12-14 00:00:00,Jasper (2024)
JASPER,2024,-16.0,143.9,,2023-12-14 03:00:00,Jasper (2024)
JASPER,2024,-16.0,143.7,25.0,2023-12-14 06:00:00,Jasper (2024)
JASPER,2024,-15.9,143.5,,2023-12-14 09:00:00,Jasper (2024)
JASPER,2024,-15.9,143.4,20.0,2023-12-14 12:00:00,Jasper (2024)
JASPER,2024,-15.8,143.3,,2023-12-14 15:00:00,Jasper (2024)
JASPER,2024,-15.9,143.2,20.0,2023-12-14 18:00:00,Jasper (2024)
JASPER,2024,-15.9,143.1,,2023-12-14 21:00:00,Jasper (2024)
JASPER,2024,-15.9,143.0,15.0,2023-12-15 00:00:00,Jasper (2024)
JASPER,2024,-15.8,142.7,,2023-12-15 03:00:00,Jasper (2024)
JASPER,2024,-15.8,142.5,15.0,2023-12-15 06:00:00,Jasper (2024)
JASPER,2024,-15.8,142.4,,2023-12-15 09:00:00,Jasper (2024)
JASPER,2024,-15.8,142.4,15.0,2023-12-15 12:00:00,Jasper (2024)
JASPER,2024,-15.8,142.3,,2023-12-15 15:00:00,Jasper (2024)
JASPER,2024,-15.9,142.2,20.0,2023-12-15 18:00:00,Jasper (2024)
JASPER,2024,-15.9,142.0,,2023-12-15 21:00:00,Jasper (2024)
JASPER,2024,-16.0,141.8,20.0,2023-12-16 00:00:00,Jasper (2024)
JASPER,2024,-15.9,141.7,,2023-12-16 03:00:00,Jasper (2024)
JASPER,2024,-15.8,141.6,20.0,2023-12-16 06:00:00,Jasper (2024)
JASPER,2024,-15.6,141.6,,2023-12-16 09:00:00,Jasper (2024)
JASPER,2024,-15.4,141.6,20.0,2023-12-16 12:00:00,Jasper (2024)
JASPER,2024,-15.5,141.4,,2023-12-16 15:00:00,Jasper (2024)
JASPER,2024,-15.7,141.4,20.0,2023-12-16 18:00:00,Jasper (2024)
JASPER,2024,-15.8,141.7,,2023-12-16 21:00:00,Jasper (2024)
JASPER,2024,-15.9,142.3,20.0,2023-12-17 00:00:00,Jasper (2024)
KIRRILY,2024,-15.2,150.9,15.0,2024-01-17 00:00:00,Kirrily (2024)
KIRRILY,2024,-15.0,151.5,,2024-01-17 03:00:00,Kirrily (2024)
KIRRILY,2024,-14.8,151.9,15.0,2024-01-17 06:00:00,Kirrily (2024)
KIRRILY,2024,-14.7,152.0,,2024-01-17 09:00:00,Kirrily (2024)
KIRRILY,2024,-14.6,152.2,15.0,2024-01-17 12:00:00,Kirrily (2024)
KIRRILY,2024,-14.6,152.6,,2024-01-17 15:00:00,Kirrily (2024)
KIRRILY,2024,-14.6,153.2,15.0,2024-01-17 18:00:00,Kirrily (2024)
KIRRILY,2024,-14.5,153.8,,2024-01-17 21:00:00,Kirrily (2024)
KIRRILY,2024,-14.5,154.3,20.0,2024-01-18 00:00:00,Kirrily (2024)
KIRRILY,2024,-14.4,154.6,,2024-01-18 03:00:00,Kirrily (2024)
KIRRILY,2024,-14.4,154.8,20.0,2024-01-18 06:00:00,Kirrily (2024)
KIRRILY,2024,-14.4,155.1,,2024-01-18 09:00:00,Kirrily (2024)
KIRRILY,2024,-14.3,155.4,20.0,2024-01-18 12:00:00,Kirrily (2024)
KIRRILY,2024,-14.2,155.6,,2024-01-18 15:00:00,Kirrily (2024)
KIRRILY,2024,-14.1,155.9,20.0,2024-01-18 18:00:00,Kirrily (2024)
KIRRILY,2024,-13.9,156.1,,2024-01-18 21:00:00,Kirrily (2024)
KIRRILY,2024,-13.7,156.3,20.0,2024-01-19 00:00:00,Kirrily (2024)
KIRRILY,2024,-13.7,156.3,,2024-01-19 03:00:00,Kirrily (2024)
KIRRILY,2024,-13.7,156.2,25.0,2024-01-19 06:00:00,Kirrily (2024)
KIRRILY,2024,-13.7,156.1,,2024-01-19 09:00:00,Kirrily (2024)
KIRRILY,2024,-13.8,156.1,25.0,2024-01-19 12:00:00,Kirrily (2024)
KIRRILY,2024,-13.8,156.0,,2024-01-19 15:00:00,Kirrily (2024)
KIRRILY,2024,-14.0,156.0,25.0,2024-01-19 18:00:00,Kirrily (2024)
KIRRILY,2024,-14.2,156.1,,2024-01-19 21:00:00,Kirrily (2024)
KIRRILY,2024,-14.4,156.2,25.0,2024-01-20 00:00:00,Kirrily (2024)
KIRRILY,2024,-14.6,156.1,,2024-01-20 03:00:00,Kirrily (2024)
KIRRILY,2024,-14.8,155.8,25.0,2024-01-20 06:00:00,Kirrily (2024)
KIRRILY,2024,-14.9,155.4,,2024-01-20 09:00:00,Kirrily (2024)
KIRRILY,2024,-15.0,155.0,25.0,2024-01-20 12:00:00,Kirrily (2024)
KIRRILY,2024,-15.0,154.7,,2024-01-20 15:00:00,Kirrily (2024)
KIRRILY,2024,-15.0,154.6,25.0,2024-01-20 18:00:00,Kirrily (2024)
KIRRILY,2024,-15.1,154.5,,2024-01-20 21:00:00,Kirrily (2024)
KIRRILY,2024,-15.2,154.5,30.0,2024-01-21 00:00:00,Kirrily (2024)
KIRRILY,2024,-15.3,154.4,,2024-01-21 03:00:00,Kirrily (2024)
KIRRILY,2024,-15.3,154.3,30.0,2024-01-21 06:00:00,Kirrily (2024)
KIRRILY,2024,-15.4,154.2,,2024-01-21 09:00:00,Kirrily (2024)
KIRRILY,2024,-15.4,154.1,30.0,2024-01-21 12:00:00,Kirrily (2024)
KIRRILY,2024,-15.4,153.9,,2024-01-21 15:00:00,Kirrily (2024)
KIRRILY,2024,-15.4,153.8,30.0,2024-01-21 18:00:00,Kirrily (2024)
KIRRILY,2024,-15.4,153.7,,2024-01-21 21:00:00,Kirrily (2024)
KIRRILY,2024,-15.4,153.7,30.0,2024-01-22 00:00:00,Kirrily (2024)
KIRRILY,2024,-15.6,153.6,,2024-01-22 03:00:00,Kirrily (2024)
KIRRILY,2024,-15.8,153.6,30.0,2024-01-22 06:00:00,Kirrily (2024)
KIRRILY,2024,-16.1,153.8,,2024-01-22 09:00:00,Kirrily (2024)
KIRRILY,2024,-16.3,154.0,30.0,2024-01-22 12:00:00,Kirrily (2024)
KIRRILY,2024,-16.3,154.0,,2024-01-22 15:00:00,Kirrily (2024)
KIRRILY,2024,-16.2,154.0,30.0,2024-01-22 18:00:00,Kirrily (2024)
KIRRILY,2024,-16.2,153.7,,2024-01-22 21:00:00,Kirrily (2024)
KIRRILY,2024,-16.3,153.6,35.0,2024-01-23 00:00:00,Kirrily (2024)
KIRRILY,2024,-16.6,153.5,,2024-01-23 03:00:00,Kirrily (2024)
KIRRILY,2024,-16.8,153.5,35.0,2024-01-23 06:00:00,Kirrily (2024)
KIRRILY,2024,-17.0,153.6,,2024-01-23 09:00:00,Kirrily (2024)
KIRRILY,2024,-17.2,153.5,35.0,2024-01-23 12:00:00,Kirrily (2024)
KIRRILY,2024,-17.3,153.4,,2024-01-23 15:00:00,Kirrily (2024)
KIRRILY,2024,-17.3,153.2,40.0,2024-01-23 18:00:00,Kirrily (2024)
KIRRILY,2024,-17.3,152.9,,2024-01-23 21:00:00,Kirrily (2024)
KIRRILY,2024,-17.3,152.5,40.0,2024-01-24 00:00:00,Kirrily (2024)
KIRRILY,2024,-17.3,152.3,,2024-01-24 03:00:00,Kirrily (2024)
KIRRILY,2024,-17.4,152.0,40.0,2024-01-24 06:00:00,Kirrily (2024)
KIRRILY,2024,-17.4,151.5,,2024-01-24 09:00:00,Kirrily (2024)
KIRRILY,2024,-17.5,151.0,40.0,2024-01-24 12:00:00,Kirrily (2024)
KIRRILY,2024,-17.6,150.5,,2024-01-24 15:00:00,Kirrily (2024)
KIRRILY,2024,-17.8,150.1,45.0,2024-01-24 18:00:00,Kirrily (2024)
KIRRILY,2024,-17.9,149.7,,2024-01-24 21:00:00,Kirrily (2024)
KIRRILY,2024,-18.1,149.2,50.0,2024-01-25 00:00:00,Kirrily (2024)
KIRRILY,2024,-18.3,148.4,65.0,2024-01-25 03:00:00,Kirrily (2024)
KIRRILY,2024,-18.7,147.8,55.0,2024-01-25 06:00:00,Kirrily (2024)
KIRRILY,2024,-18.9,147.1,,2024-01-25 09:00:00,Kirrily (2024)
KIRRILY,2024,-19.2,146.4,45.0,2024-01-25 12:00:00,Kirrily (2024)
KIRRILY,2024,-19.4,145.7,,2024-01-25 15:00:00,Kirrily (2024)
KIRRILY,2024,-19.8,145.2,30.0,2024-01-25 18:00:00,Kirrily (2024)
KIRRILY,2024,-20.1,144.8,,2024-01-25 21:00:00,Kirrily (2024)
KIRRILY,2024,-20.5,144.6,25.0,2024-01-26 00:00:00,Kirrily (2024)
KIRRILY,2024,-20.9,144.4,,2024-01-26 03:00:00,Kirrily (2024)
KIRRILY,2024,-21.3,144.2,25.0,2024-01-26 06:00:00,Kirrily (2024)
KIRRILY,2024,-21.7,143.8,,2024-01-26 09:00:00,Kirrily (2024)
KIRRILY,2024,-22.1,143.3,25.0,2024-01-26 12:00:00,Kirrily (2024)
KIRRILY,2024,-22.3,142.6,,2024-01-26 15:00:00,Kirrily (2024)
KIRRILY,2024,-22.3,142.0,25.0,2024-01-26 18:00:00,Kirrily (2024)
KIRRILY,2024,-22.4,141.9,,2024-01-26 21:00:00,Kirrily (2024)
KIRRILY,2024,-22.3,141.9,25.0,2024-01-27 00:00:00,Kirrily (2024)
KIRRILY,2024,-22.3,141.9,,2024-01-27 03:00:00,Kirrily (2024)
KIRRILY,2024,-22.2,142.0,25.0,2024-01-27 06:00:00,Kirrily (2024)
KIRRILY,2024,-22.0,141.9,,2024-01-27 09:00:00,Kirrily (2024)
KIRRILY,2024,-21.8,142.0,20.0,2024-01-27 12:00:00,Kirrily (2024)
KIRRILY,2024,-21.5,142.0,,2024-01-27 15:00:00,Kirrily (2024)
KIRRILY,2024,-21.3,142.1,20.0,2024-01-27 18:00:00,Kirrily (2024)
KIRRILY,2024,-21.1,142.2,,2024-01-27 21:00:00,Kirrily (2024)
KIRRILY,2024,-21.1,142.3,20.0,2024-01-28 00:00:00,Kirrily (2024)
KIRRILY,2024,-21.2,142.3,,2024-01-28 03:00:00,Kirrily (2024)
KIRRILY,2024,-21.5,142.3,20.0,2024-01-28 06:00:00,Kirrily (2024)
KIRRILY,2024,-21.7,142.1,,2024-01-28 09:00:00,Kirrily (2024)
KIRRILY,2024,-21.8,141.9,20.0,2024-01-28 12:00:00,Kirrily (2024)
KIRRILY,2024,-21.9,141.8,,2024-01-28 15:00:00,Kirrily (2024)
KIRRILY,2024,-22.0,141.8,20.0,2024-01-28 18:00:00,Kirrily (2024)
KIRRILY,2024,-22.1,141.7,,2024-01-28 21:00:00,Kirrily (2024)
KIRRILY,2024,-22.2,141.7,20.0,2024-01-29 00:00:00,Kirrily (2024)
KIRRILY,2024,-22.3,141.6,,2024-01-29 03:00:00,Kirrily (2024)
KIRRILY,2024,-22.5,141.5,20.0,2024-01-29 06:00:00,Kirrily (2024)
KIRRILY,2024,-22.5,141.4,,2024-01-29 09:00:00,Kirrily (2024)
KIRRILY,2024,-22.4,141.3,20.0,2024-01-29 12:00:00,Kirrily (2024)
KIRRILY,2024,-22.3,141.3,,2024-01-29 15:00:00,Kirrily (2024)
KIRRILY,2024,-22.2,141.3,20.0,2024-01-29 18:00:00,Kirrily (2024)
KIRRILY,2024,-22.1,141.2,,2024-01-29 21:00:00,Kirrily (2024)
KIRRILY,2024,-22.0,141.2,20.0,2024-01-30 00:00:00,Kirrily (2024)
KIRRILY,2024,-21.9,141.0,,2024-01-30 03:00:00,Kirrily (2024)
KIRRILY,2024,-21.7,140.9,20.0,2024-01-30 06:00:00,Kirrily (2024)
KIRRILY,2024,-21.3,140.7,,2024-01-30 09:00:00,Kirrily (2024)
KIRRILY,2024,-20.9,140.5,20.0,2024-01-30 12:00:00,Kirrily (2024)
KIRRILY,2024,-20.6,140.4,,2024-01-30 15:00:00,Kirrily (2024)
KIRRILY,2024,-20.4,140.3,20.0,2024-01-30 18:00:00,Kirrily (2024)
KIRRILY,2024,-20.0,140.1,,2024-01-30 21:00:00,Kirrily (2024)
KIRRILY,2024,-19.6,140.0,20.0,2024-01-31 00:00:00,Kirrily (2024)
KIRRILY,2024,-19.3,139.9,,2024-01-31 03:00:00,Kirrily (2024)
KIRRILY,2024,-19.0,139.9,20.0,2024-01-31 06:00:00,Kirrily (2024)
KIRRILY,2024,-18.7,139.8,,2024-01-31 09:00:00,Kirrily (2024)
KIRRILY,2024,-18.3,139.7,20.0,2024-01-31 12:00:00,Kirrily (2024)
KIRRILY,2024,-18.1,139.6,,2024-01-31 15:00:00,Kirrily (2024)
KIRRILY,2024,-17.8,139.5,20.0,2024-01-31 18:00:00,Kirrily (2024)
KIRRILY,2024,-17.6,139.5,,2024-01-31 21:00:00,Kirrily (2024)
KIRRILY,2024,-17.4,139.5,30.0,2024-02-01 00:00:00,Kirrily (2024)
KIRRILY,2024,-17.3,139.6,,2024-02-01 03:00:00,Kirrily (2024)
KIRRILY,2024,-17.3,139.8,35.0,2024-02-01 06:00:00,Kirrily (2024)
KIRRILY,2024,-17.4,139.7,,2024-02-01 09:00:00,Kirrily (2024)
KIRRILY,2024,-17.4,139.6,40.0,2024-02-01 12:00:00,Kirrily (2024)
KIRRILY,2024,-17.3,139.5,,2024-02-01 15:00:00,Kirrily (2024)
KIRRILY,2024,-17.3,139.3,35.0,2024-02-01 18:00:00,Kirrily (2024)
KIRRILY,2024,-17.3,139.2,,2024-02-01 21:00:00,Kirrily (2024)
KIRRILY,2024,-17.3,139.1,35.0,2024-02-02 00:00:00,Kirrily (2024)
KIRRILY,2024,-17.6,138.8,,2024-02-02 03:00:00,Kirrily (2024)
KIRRILY,2024,-17.9,138.6,30.0,2024-02-02 06:00:00,Kirrily (2024)
KIRRILY,2024,-18.1,138.4,,2024-02-02 09:00:00,Kirrily (2024)
KIRRILY,2024,-18.3,138.3,30.0,2024-02-02 12:00:00,Kirrily (2024)
KIRRILY,2024,-18.5,138.3,,2024-02-02 15:00:00,Kirrily (2024)
KIRRILY,2024,-18.6,138.3,25.0,2024-02-02 18:00:00,Kirrily (2024)
KIRRILY,2024,-18.9,138.2,,2024-02-02 21:00:00,Kirrily (2024)
KIRRILY,2024,-19.3,138.0,25.0,2024-02-03 00:00:00,Kirrily (2024)
KIRRILY,2024,-20.6,138.1,,2024-02-03 09:00:00,Kirrily (2024)
KIRRILY,2024,-21.1,138.2,25.0,2024-02-03 12:00:00,Kirrily (2024)
KIRRILY,2024,-21.7,138.1,,2024-02-03 15:00:00,Kirrily (2024)
KIRRILY,2024,-22.3,138.0,25.0,2024-02-03 18:00:00,Kirrily (2024)
KIRRILY,2024,-22.9,138.2,,2024-02-03 21:00:00,Kirrily (2024)
KIRRILY,2024,-23.4,138.5,25.0,2024-02-04 00:00:00,Kirrily (2024)
KIRRILY,2024,-24.0,138.6,,2024-02-04 03:00:00,Kirrily (2024)
KIRRILY,2024,-24.6,138.7,25.0,2024-02-04 06:00:00,Kirrily (2024)
KIRRILY,2024,-25.4,139.1,,2024-02-04 09:00:00,Kirrily (2024)
KIRRILY,2024,-26.2,139.7,30.0,2024-02-04 12:00:00,Kirrily (2024)
KIRRILY,2024,-26.8,140.2,,2024-02-04 15:00:00,Kirrily (2024)
KIRRILY,2024,-27.2,140.7,35.0,2024-02-04 18:00:00,Kirrily (2024)
KIRRILY,2024,-27.6,141.2,,2024-02-04 21:00:00,Kirrily (2024)
NATHAN,2015,-12.4,151.3,20.0,2015-03-09 00:00:00,Nathan (2015)
NATHAN,2015,-12.4,151.1,,2015-03-09 03:00:00,Nathan (2015)
NATHAN,2015,-12.4,150.9,30.0,2015-03-09 06:00:00,Nathan (2015)
NATHAN,2015,-12.4,150.7,,2015-03-09 09:00:00,Nathan (2015)
NATHAN,2015,-12.5,150.6,30.0,2015-03-09 12:00:00,Nathan (2015)
NATHAN,2015,-12.5,150.3,,2015-03-09 15:00:00,Nathan (2015)
NATHAN,2015,-12.6,150.1,30.0,2015-03-09 18:00:00,Nathan (2015)
NATHAN,2015,-12.7,149.8,,2015-03-09 21:00:00,Nathan (2015)
NATHAN,2015,-12.8,149.6,30.0,2015-03-10 00:00:00,Nathan (2015)
NATHAN,2015,-12.9,149.3,,2015-03-10 03:00:00,Nathan (2015)
NATHAN,2015,-13.1,148.9,35.0,2015-03-10 06:00:00,Nathan (2015)
NATHAN,2015,-13.2,148.5,,2015-03-10 09:00:00,Nathan (2015)
NATHAN,2015,-13.3,148.2,45.0,2015-03-10 12:00:00,Nathan (2015)
NATHAN,2015,-13.4,147.9,,2015-03-10 15:00:00,Nathan (2015)
NATHAN,2015,-13.6,147.5,45.0,2015-03-10 18:00:00,Nathan (2015)
NATHAN,2015,-13.7,147.1,,2015-03-10 21:00:00,Nathan (2015)
NATHAN,2015,-13.8,146.8,50.0,2015-03-11 00:00:00,Nathan (2015)
NATHAN,2015,-13.8,146.6,,2015-03-11 03:00:00,Nathan (2015)
NATHAN,2015,-13.8,146.4,50.0,2015-03-11 06:00:00,Nathan (2015)
NATHAN,2015,-13.8,146.2,,2015-03-11 09:00:00,Nathan (2015)
NATHAN,2015,-13.8,146.0,50.0,2015-03-11 12:00:00,Nathan (2015)
NATHAN,2015,-13.8,145.9,,2015-03-11 15:00:00,Nathan (2015)
NATHAN,2015,-13.8,145.8,50.0,2015-03-11 18:00:00,Nathan (2015)
NATHAN,2015,-13.9,145.6,,2015-03-11 21:00:00,Nathan (2015)
NATHAN,2015,-14.0,145.4,55.0,2015-03-12 00:00:00,Nathan (2015)
NATHAN,2015,-13.9,145.2,,2015-03-12 03:00:00,Nathan (2015)
NATHAN,2015,-13.9,145.1,55.0,2015-03-12 06:00:00,Nathan (2015)
NATHAN,2015,-13.8,145.0,,2015-03-12 09:00:00,Nathan (2015)
NATHAN,2015,-13.7,145.0,55.0,2015-03-12 12:00:00,Nathan (2015)
NATHAN,2015,-13.6,145.0,,2015-03-12 15:00:00,Nathan (2015)
NATHAN,2015,-13.5,145.1,50.0,2015-03-12 18:00:00,Nathan (2015)
NATHAN,2015,-13.4,145.1,,2015-03-12 21:00:00,Nathan (2015)
NATHAN,2015,-13.4,145.2,50.0,2015-03-13 00:00:00,Nathan (2015)
NATHAN,2015,-13.3,145.2,,2015-03-13 03:00:00,Nathan (2015)
NATHAN,2015,-13.3,145.2,50.0,2015-03-13 06:00:00,Nathan (2015)
NATHAN,2015,-13.2,145.1,,2015-03-13 09:00:00,Nathan (2015)
NATHAN,2015,-13.2,145.1,45.0,2015-03-13 12:00:00,Nathan (2015)
NATHAN,2015,-13.1,145.1,,2015-03-13 15:00:00,Nathan (2015)
NATHAN,2015,-13.1,145.2,45.0,2015-03-13 18:00:00,Nathan (2015)
NATHAN,2015,-13.2,145.3,,2015-03-13 21:00:00,Nathan (2015)
NATHAN,2015,-13.2,145.5,45.0,2015-03-14 00:00:00,Nathan (2015)
NATHAN,2015,-13.1,145.7,,2015-03-14 03:00:00,Nathan (2015)
NATHAN,2015,-13.1,146.0,40.0,2015-03-14 06:00:00,Nathan (2015)
NATHAN,2015,-13.2,146.4,,2015-03-14 09:00:00,Nathan (2015)
NATHAN,2015,-13.3,146.9,40.0,2015-03-14 12:00:00,Nathan (2015)
NATHAN,2015,-13.3,147.2,,2015-03-14 15:00:00,Nathan (2015)
NATHAN,2015,-13.3,147.6,40.0,2015-03-14 18:00:00,Nathan (2015)
NATHAN,2015,-13.3,148.1,,2015-03-14 21:00:00,Nathan (2015)
NATHAN,2015,-13.4,148.5,40.0,2015-03-15 00:00:00,Nathan (2015)
NATHAN,2015,-13.4,148.8,,2015-03-15 03:00:00,Nathan (2015)
NATHAN,2015,-13.5,149.0,45.0,2015-03-15 06:00:00,Nathan (2015)
NATHAN,2015,-13.5,149.2,,2015-03-15 09:00:00,Nathan (2015)
NATHAN,2015,-13.6,149.5,50.0,2015-03-15 12:00:00,Nathan (2015)
NATHAN,2015,-13.6,149.7,,2015-03-15 15:00:00,Nathan (2015)
NATHAN,2015,-13.8,149.8,50.0,2015-03-15 18:00:00,Nathan (2015)
NATHAN,2015,-13.8,149.8,,2015-03-15 21:00:00,Nathan (2015)
NATHAN,2015,-13.9,149.9,55.0,2015-03-16 00:00:00,Nathan (2015)
NATHAN,2015,-14.0,149.9,,2015-03-16 03:00:00,Nathan (2015)
NATHAN,2015,-14.1,150.0,55.0,2015-03-16 06:00:00,Nathan (2015)
NATHAN,2015,-14.1,149.9,,2015-03-16 09:00:00,Nathan (2015)
NATHAN,2015,-14.2,149.8,50.0,2015-03-16 12:00:00,Nathan (2015)
NATHAN,2015,-14.2,149.7,,2015-03-16 15:00:00,Nathan (2015)
NATHAN,2015,-14.3,149.7,45.0,2015-03-16 18:00:00,Nathan (2015)
NATHAN,2015,-14.3,149.7,,2015-03-16 21:00:00,Nathan (2015)
NATHAN,2015,-14.4,149.7,40.0,2015-03-17 00:00:00,Nathan (2015)
NATHAN,2015,-14.5,149.7,,2015-03-17 03:00:00,Nathan (2015)
NATHAN,2015,-14.7,149.7,40.0,2015-03-17 06:00:00,Nathan (2015)
NATHAN,2015,-14.8,149.7,,2015-03-17 09:00:00,Nathan (2015)
NATHAN,2015,-14.9,149.7,35.0,2015-03-17 12:00:00,Nathan (2015)
NATHAN,2015,-15.0,149.6,,2015-03-17 15:00:00,Nathan (2015)
NATHAN,2015,-15.0,149.4,40.0,2015-03-17 18:00:00,Nathan (2015)
NATHAN,2015,-15.0,149.3,,2015-03-17 21:00:00,Nathan (2015)
NATHAN,2015,-15.0,149.2,50.0,2015-03-18 00:00:00,Nathan (2015)
NATHAN,2015,-15.0,149.1,,2015-03-18 03:00:00,Nathan (2015)
NATHAN,2015,-15.0,149.1,65.0,2015-03-18 06:00:00,Nathan (2015)
NATHAN,2015,-14.9,148.9,,2015-03-18 09:00:00,Nathan (2015)
NATHAN,2015,-14.8,148.8,75.0,2015-03-18 12:00:00,Nathan (2015)
NATHAN,2015,-14.7,148.5,,2015-03-18 15:00:00,Nathan (2015)
NATHAN,2015,-14.7,148.2,75.0,2015-03-18 18:00:00,Nathan (2015)
NATHAN,2015,-14.7,147.8,,2015-03-18 21:00:00,Nathan (2015)
NATHAN,2015,-14.7,147.5,70.0,2015-03-19 00:00:00,Nathan (2015)
NATHAN,2015,-14.7,147.2,,2015-03-19 03:00:00,Nathan (2015)
NATHAN,2015,-14.7,146.9,75.0,2015-03-19 06:00:00,Nathan (2015)
NATHAN,2015,-14.7,146.5,,2015-03-19 09:00:00,Nathan (2015)
NATHAN,2015,-14.8,146.0,80.0,2015-03-19 12:00:00,Nathan (2015)
NATHAN,2015,-14.8,145.5,,2015-03-19 15:00:00,Nathan (2015)
NATHAN,2015,-14.7,145.1,80.0,2015-03-19 18:00:00,Nathan (2015)
NATHAN,2015,-14.7,145.0,80.0,2015-03-19 18:30:00,Nathan (2015)
NATHAN,2015,-14.6,144.6,65.0,2015-03-19 21:00:00,Nathan (2015)
NATHAN,2015,-14.5,144.2,55.0,2015-03-20 00:00:00,Nathan (2015)
NATHAN,2015,-14.5,143.7,,2015-03-20 03:00:00,Nathan (2015)
NATHAN,2015,-14.4,143.2,45.0,2015-03-20 06:00:00,Nathan (2015)
NATHAN,2015,-14.4,142.7,,2015-03-20 09:00:00,Nathan (2015)
NATHAN,2015,-14.4,142.3,35.0,2015-03-20 12:00:00,Nathan (2015)
NATHAN,2015,-14.2,141.8,,2015-03-20 15:00:00,Nathan (2015)
NATHAN,2015,-14.0,141.3,30.0,2015-03-20 18:00:00,Nathan (2015)
NATHAN,2015,-13.8,140.7,,2015-03-20 21:00:00,Nathan (2015)
NATHAN,2015,-13.7,140.2,40.0,2015-03-21 00:00:00,Nathan (2015)
NATHAN,2015,-13.7,139.7,,2015-03-21 03:00:00,Nathan (2015)
NATHAN,2015,-13.7,139.3,40.0,2015-03-21 06:00:00,Nathan (2015)
NATHAN,2015,-13.6,138.8,,2015-03-21 09:00:00,Nathan (2015)
NATHAN,2015,-13.4,138.4,50.0,2015-03-21 12:00:00,Nathan (2015)
DEBBIE,2017,-14.2,151.7,20.0,2017-03-23 06:00:00,Debbie (2017)
DEBBIE,2017,-14.4,151.7,,2017-03-23 09:00:00,Debbie (2017)
DEBBIE,2017,-14.6,151.7,20.0,2017-03-23 12:00:00,Debbie (2017)
DEBBIE,2017,-14.9,151.6,,2017-03-23 15:00:00,Debbie (2017)
DEBBIE,2017,-15.3,151.6,25.0,2017-03-23 18:00:00,Debbie (2017)
DEBBIE,2017,-15.6,151.5,,2017-03-23 21:00:00,Debbie (2017)
DEBBIE,2017,-15.9,151.5,25.0,2017-03-24 00:00:00,Debbie (2017)
DEBBIE,2017,-16.1,151.6,,2017-03-24 03:00:00,Debbie (2017)
DEBBIE,2017,-16.4,151.7,25.0,2017-03-24 06:00:00,Debbie (2017)
DEBBIE,2017,-16.7,151.7,,2017-03-24 09:00:00,Debbie (2017)
DEBBIE,2017,-16.8,151.8,30.0,2017-03-24 12:00:00,Debbie (2017)
DEBBIE,2017,-17.0,152.0,,2017-03-24 15:00:00,Debbie (2017)
DEBBIE,2017,-17.1,152.1,30.0,2017-03-24 18:00:00,Debbie (2017)
DEBBIE,2017,-17.2,152.1,,2017-03-24 21:00:00,Debbie (2017)
DEBBIE,2017,-17.3,152.2,35.0,2017-03-25 00:00:00,Debbie (2017)
DEBBIE,2017,-17.5,152.2,,2017-03-25 03:00:00,Debbie (2017)
DEBBIE,2017,-17.7,152.2,40.0,2017-03-25 06:00:00,Debbie (2017)
DEBBIE,2017,-17.7,152.1,,2017-03-25 09:00:00,Debbie (2017)
DEBBIE,2017,-17.8,152.0,55.0,2017-03-25 12:00:00,Debbie (2017)
DEBBIE,2017,-17.8,151.9,,2017-03-25 15:00:00,Debbie (2017)
DEBBIE,2017,-17.9,151.7,55.0,2017-03-25 18:00:00,Debbie (2017)
DEBBIE,2017,-18.0,151.5,,2017-03-25 21:00:00,Debbie (2017)
DEBBIE,2017,-18.1,151.4,55.0,2017-03-26 00:00:00,Debbie (2017)
DEBBIE,2017,-18.2,151.3,,2017-03-26 03:00:00,Debbie (2017)
DEBBIE,2017,-18.3,151.2,60.0,2017-03-26 06:00:00,Debbie (2017)
DEBBIE,2017,-18.4,151.0,,2017-03-26 09:00:00,Debbie (2017)
DEBBIE,2017,-18.5,150.8,60.0,2017-03-26 12:00:00,Debbie (2017)
DEBBIE,2017,-18.6,150.7,,2017-03-26 15:00:00,Debbie (2017)
DEBBIE,2017,-18.8,150.6,60.0,2017-03-26 18:00:00,Debbie (2017)
DEBBIE,2017,-18.9,150.5,,2017-03-26 21:00:00,Debbie (2017)
DEBBIE,2017,-19.1,150.5,70.0,2017-03-27 00:00:00,Debbie (2017)
DEBBIE,2017,-19.3,150.3,,2017-03-27 03:00:00,Debbie (2017)
DEBBIE,2017,-19.4,150.2,80.0,2017-03-27 06:00:00,Debbie (2017)
DEBBIE,2017,-19.5,150.0,,2017-03-27 09:00:00,Debbie (2017)
DEBBIE,2017,-19.6,149.8,95.0,2017-03-27 12:00:00,Debbie (2017)
DEBBIE,2017,-19.6,149.5,,2017-03-27 15:00:00,Debbie (2017)
DEBBIE,2017,-19.8,149.3,95.0,2017-03-27 18:00:00,Debbie (2017)
DEBBIE,2017,-19.8,149.1,,2017-03-27 21:00:00,Debbie (2017)
DEBBIE,2017,-20.0,148.9,90.0,2017-03-28 00:00:00,Debbie (2017)
DEBBIE,2017,-20.2,148.7,80.0,2017-03-28 02:40:00,Debbie (2017)
DEBBIE,2017,-20.2,148.7,,2017-03-28 03:00:00,Debbie (2017)
DEBBIE,2017,-20.4,148.5,70.0,2017-03-28 06:00:00,Debbie (2017)
DEBBIE,2017,-20.5,148.1,,2017-03-28 09:00:00,Debbie (2017)
DEBBIE,2017,-20.7,147.8,50.0,2017-03-28 12:00:00,Debbie (2017)
DEBBIE,2017,-21.0,147.5,,2017-03-28 15:00:00,Debbie (2017)
DEBBIE,2017,-21.3,147.3,35.0,2017-03-28 18:00:00,Debbie (2017)
DEBBIE,2017,-21.4,147.0,,2017-03-28 21:00:00,Debbie (2017)
DEBBIE,2017,-21.6,146.9,30.0,2017-03-29 00:00:00,Debbie (2017)
DEBBIE,2017,-21.8,146.8,,2017-03-29 03:00:00,Debbie (2017)
DEBBIE,2017,-22.1,146.9,25.0,2017-03-29 06:00:00,Debbie (2017)
DEBBIE,2017,-22.5,147.1,,2017-03-29 09:00:00,Debbie (2017)
DEBBIE,2017,-22.9,147.4,20.0,2017-03-29 12:00:00,Debbie (2017)
DEBBIE,2017,-23.5,147.7,,2017-03-29 15:00:00,Debbie (2017)
DEBBIE,2017,-24.0,148.0,20.0,2017-03-29 18:00:00,Debbie (2017)
DEBBIE,2017,-24.3,148.2,,2017-03-29 21:00:00,Debbie (2017)
DEBBIE,2017,-24.7,148.8,20.0,2017-03-30 00:00:00,Debbie (2017)
DEBBIE,2017,-25.2,150.8,,2017-03-30 03:00:00,Debbie (2017)
DEBBIE,2017,-25.9,152.7,25.0,2017-03-30 06:00:00,Debbie (2017)
DEBBIE,2017,-26.9,153.1,,2017-03-30 09:00:00,Debbie (2017)
DEBBIE,2017,-27.8,153.1,35.0,2017-03-30 12:00:00,Debbie (2017)
DEBBIE,2017,-28.0,153.5,,2017-03-30 15:00:00,Debbie (2017)
DEBBIE,2017,-27.9,154.2,35.0,2017-03-30 18:00:00,Debbie (2017)
DEBBIE,2017,-27.9,155.2,,2017-03-30 21:00:00,Debbie (2017)
DEBBIE,2017,-28.0,156.1,30.0,2017-03-31 00:00:00,Debbie (2017)
ITA,2014,-11.0,158.0,30.0,2014-04-04 00:00:00,Ita (2014)
ITA,2014,-11.2,157.5,,2014-04-04 03:00:00,Ita (2014)
ITA,2014,-11.3,157.0,30.0,2014-04-04 06:00:00,Ita (2014)
ITA,2014,-11.4,156.8,,2014-04-04 09:00:00,Ita (2014)
ITA,2014,-11.5,156.7,30.0,2014-04-04 12:00:00,Ita (2014)
ITA,2014,-11.5,156.5,,2014-04-04 15:00:00,Ita (2014)
ITA,2014,-11.6,156.5,30.0,2014-04-04 18:00:00,Ita (2014)
ITA,2014,-11.7,156.4,,2014-04-04 21:00:00,Ita (2014)
ITA,2014,-11.8,156.3,35.0,2014-04-05 00:00:00,Ita (2014)
ITA,2014,-11.8,156.1,,2014-04-05 03:00:00,Ita (2014)
ITA,2014,-11.9,156.0,35.0,2014-04-05 06:00:00,Ita (2014)
ITA,2014,-11.9,155.8,,2014-04-05 09:00:00,Ita (2014)
ITA,2014,-12.0,155.6,35.0,2014-04-05 12:00:00,Ita (2014)
ITA,2014,-12.1,155.3,,2014-04-05 15:00:00,Ita (2014)
ITA,2014,-12.2,155.0,35.0,2014-04-05 18:00:00,Ita (2014)
ITA,2014,-12.2,154.5,,2014-04-05 21:00:00,Ita (2014)
ITA,2014,-12.2,154.2,35.0,2014-04-06 00:00:00,Ita (2014)
ITA,2014,-12.1,154.1,,2014-04-06 03:00:00,Ita (2014)
ITA,2014,-12.2,154.1,30.0,2014-04-06 06:00:00,Ita (2014)
ITA,2014,-12.2,154.0,,2014-04-06 09:00:00,Ita (2014)
ITA,2014,-12.2,153.9,30.0,2014-04-06 12:00:00,Ita (2014)
ITA,2014,-12.3,153.7,,2014-04-06 15:00:00,Ita (2014)
ITA,2014,-12.3,153.7,35.0,2014-04-06 18:00:00,Ita (2014)
ITA,2014,-12.3,153.6,,2014-04-06 21:00:00,Ita (2014)
ITA,2014,-12.2,153.5,40.0,2014-04-07 00:00:00,Ita (2014)
ITA,2014,-12.0,153.5,,2014-04-07 03:00:00,Ita (2014)
ITA,2014,-11.9,153.6,45.0,2014-04-07 06:00:00,Ita (2014)
ITA,2014,-12.0,153.6,,2014-04-07 09:00:00,Ita (2014)
ITA,2014,-11.9,153.5,50.0,2014-04-07 12:00:00,Ita (2014)
ITA,2014,-11.8,153.4,,2014-04-07 15:00:00,Ita (2014)
ITA,2014,-11.8,153.2,55.0,2014-04-07 18:00:00,Ita (2014)
ITA,2014,-11.7,153.0,,2014-04-07 21:00:00,Ita (2014)
ITA,2014,-11.7,152.9,55.0,2014-04-08 00:00:00,Ita (2014)
ITA,2014,-11.6,152.8,,2014-04-08 03:00:00,Ita (2014)
ITA,2014,-11.5,152.7,55.0,2014-04-08 06:00:00,Ita (2014)
ITA,2014,-11.4,152.5,,2014-04-08 09:00:00,Ita (2014)
ITA,2014,-11.4,152.4,55.0,2014-04-08 12:00:00,Ita (2014)
ITA,2014,-11.4,152.2,,2014-04-08 15:00:00,Ita (2014)
ITA,2014,-11.4,152.0,60.0,2014-04-08 18:00:00,Ita (2014)
ITA,2014,-11.4,151.6,,2014-04-08 21:00:00,Ita (2014)
ITA,2014,-11.4,151.1,60.0,2014-04-09 00:00:00,Ita (2014)
ITA,2014,-11.3,150.7,,2014-04-09 03:00:00,Ita (2014)
ITA,2014,-11.3,150.4,65.0,2014-04-09 06:00:00,Ita (2014)
ITA,2014,-11.4,149.9,,2014-04-09 09:00:00,Ita (2014)
ITA,2014,-11.5,149.5,65.0,2014-04-09 12:00:00,Ita (2014)
ITA,2014,-11.5,149.0,,2014-04-09 15:00:00,Ita (2014)
ITA,2014,-11.7,148.7,70.0,2014-04-09 18:00:00,Ita (2014)
ITA,2014,-11.9,148.3,,2014-04-09 21:00:00,Ita (2014)
ITA,2014,-12.1,147.9,90.0,2014-04-10 00:00:00,Ita (2014)
ITA,2014,-12.3,147.5,,2014-04-10 03:00:00,Ita (2014)
ITA,2014,-12.6,147.1,110.0,2014-04-10 06:00:00,Ita (2014)
ITA,2014,-12.7,146.7,,2014-04-10 09:00:00,Ita (2014)
ITA,2014,-12.8,146.5,120.0,2014-04-10 12:00:00,Ita (2014)
ITA,2014,-13.0,146.2,,2014-04-10 15:00:00,Ita (2014)
ITA,2014,-13.3,146.1,120.0,2014-04-10 18:00:00,Ita (2014)
ITA,2014,-13.5,145.9,,2014-04-10 21:00:00,Ita (2014)
ITA,2014,-13.8,145.7,110.0,2014-04-11 00:00:00,Ita (2014)
ITA,2014,-14.1,145.5,,2014-04-11 03:00:00,Ita (2014)
ITA,2014,-14.4,145.4,95.0,2014-04-11 06:00:00,Ita (2014)
ITA,2014,-14.7,145.3,95.0,2014-04-11 09:00:00,Ita (2014)
ITA,2014,-14.9,145.2,90.0,2014-04-11 12:00:00,Ita (2014)
ITA,2014,-15.2,145.1,65.0,2014-04-11 15:00:00,Ita (2014)
ITA,2014,-15.5,145.0,55.0,2014-04-11 18:00:00,Ita (2014)
ITA,2014,-15.8,145.0,,2014-04-11 21:00:00,Ita (2014)
ITA,2014,-16.1,145.0,45.0,2014-04-12 00:00:00,Ita (2014)
ITA,2014,-16.3,145.1,,2014-04-12 03:00:00,Ita (2014)
ITA,2014,-16.6,145.3,35.0,2014-04-12 06:00:00,Ita (2014)
ITA,2014,-16.9,145.5,,2014-04-12 09:00:00,Ita (2014)
ITA,2014,-17.3,145.7,35.0,2014-04-12 12:00:00,Ita (2014)
ITA,2014,-17.6,145.9,,2014-04-12 15:00:00,Ita (2014)
ITA,2014,-18.1,146.1,35.0,2014-04-12 18:00:00,Ita (2014)
ITA,2014,-18.5,146.5,,2014-04-12 21:00:00,Ita (2014)
ITA,2014,-19.1,147.0,35.0,2014-04-13 00:00:00,Ita (2014)
ITA,2014,-19.6,147.6,,2014-04-13 03:00:00,Ita (2014)
ITA,2014,-20.1,148.4,35.0,2014-04-13 06:00:00,Ita (2014)
ITA,2014,-20.4,149.2,35.0,2014-04-13 09:00:00,Ita (2014)
ITA,2014,-20.8,150.1,45.0,2014-04-13 12:00:00,Ita (2014)
ITA,2014,-21.3,150.8,,2014-04-13 15:00:00,Ita (2014)
ITA,2014,-21.8,151.5,40.0,2014-04-13 18:00:00,Ita (2014)
ITA,2014,-22.2,152.2,,2014-04-13 21:00:00,Ita (2014)
ITA,2014,-22.6,153.1,40.0,2014-04-14 00:00:00,Ita (2014)
ITA,2014,-23.1,154.1,,2014-04-14 03:00:00,Ita (2014)
ITA,2014,-23.6,155.1,45.0,2014-04-14 06:00:00,Ita (2014)
ITA,2014,-24.1,156.0,,2014-04-14 09:00:00,Ita (2014)
ITA,2014,-24.6,156.8,50.0,2014-04-14 12:00:00,Ita (2014)
ITA,2014,-24.9,157.4,,2014-04-14 15:00:00,Ita (2014)
ITA,2014,-25.3,157.9,45.0,2014-04-14 18:00:00,Ita (2014)
LARRY,2006,-12.5,158.0,25.0,2006-03-14 12:00:00,Larry (2006)
LARRY,2006,-12.5,158.0,,2006-03-14 15:00:00,Larry (2006)
LARRY,2006,-12.5,158.0,25.0,2006-03-14 18:00:00,Larry (2006)
LARRY,2006,-12.5,157.9,,2006-03-14 21:00:00,Larry (2006)
LARRY,2006,-12.5,158.0,25.0,2006-03-15 00:00:00,Larry (2006)
LARRY,2006,-16.4,157.9,40.0,2006-03-17 18:00:00,Larry (2006)
LARRY,2006,-16.8,157.3,,2006-03-17 21:00:00,Larry (2006)
LARRY,2006,-17.1,156.7,50.0,2006-03-18 00:00:00,Larry (2006)
LARRY,2006,-17.2,156.1,,2006-03-18 03:00:00,Larry (2006)
LARRY,2006,-17.2,155.5,60.0,2006-03-18 06:00:00,Larry (2006)
LARRY,2006,-17.2,155.0,,2006-03-18 09:00:00,Larry (2006)
LARRY,2006,-17.3,154.4,65.0,2006-03-18 12:00:00,Larry (2006)
LARRY,2006,-17.5,153.6,,2006-03-18 15:00:00,Larry (2006)
LARRY,2006,-17.6,152.8,70.0,2006-03-18 18:00:00,Larry (2006)
LARRY,2006,-17.7,152.0,,2006-03-18 21:00:00,Larry (2006)
LARRY,2006,-17.7,151.2,90.0,2006-03-19 00:00:00,Larry (2006)
LARRY,2006,-17.7,150.5,,2006-03-19 03:00:00,Larry (2006)
LARRY,2006,-17.7,149.8,90.0,2006-03-19 06:00:00,Larry (2006)
LARRY,2006,-17.6,149.0,95.0,2006-03-19 09:00:00,Larry (2006)
LARRY,2006,-17.6,148.3,100.0,2006-03-19 12:00:00,Larry (2006)
LARRY,2006,-17.5,147.6,100.0,2006-03-19 15:00:00,Larry (2006)
LARRY,2006,-17.5,147.1,,2006-03-19 17:00:00,Larry (2006)
LARRY,2006,-17.5,146.8,100.0,2006-03-19 18:00:00,Larry (2006)
LARRY,2006,-17.5,146.6,,2006-03-19 19:00:00,Larry (2006)
LARRY,2006,-17.5,146.4,,2006-03-19 20:00:00,Larry (2006)
LARRY,2006,-17.5,146.1,100.0,2006-03-19 21:00:00,Larry (2006)
LARRY,2006,-17.5,145.8,100.0,2006-03-19 22:00:00,Larry (2006)
LARRY,2006,-17.5,145.6,95.0,2006-03-19 23:00:00,Larry (2006)
LARRY,2006,-17.6,145.4,85.0,2006-03-20 00:00:00,Larry (2006)
LARRY,2006,-17.7,144.6,,2006-03-20 03:00:00,Larry (2006)
LARRY,2006,-17.9,143.8,55.0,2006-03-20 06:00:00,Larry (2006)
LARRY,2006,-18.2,142.9,,2006-03-20 09:00:00,Larry (2006)
LARRY,2006,-18.6,142.1,40.0,2006-03-20 12:00:00,Larry (2006)
LARRY,2006,-18.9,141.3,30.0,2006-03-20 15:00:00,Larry (2006)
LARRY,2006,-19.1,140.7,30.0,2006-03-20 18:00:00,Larry (2006)
LARRY,2006,-19.3,140.2,,2006-03-20 21:00:00,Larry (2006)
LARRY,2006,-19.5,139.7,25.0,2006-03-21 00:00:00,Larry (2006)
LARRY,2006,-19.6,139.3,,2006-03-21 03:00:00,Larry (2006)
LARRY,2006,-19.7,138.9,25.0,2006-03-21 06:00:00,Larry (2006)
LARRY,2006,-19.7,138.7,,2006-03-21 09:00:00,Larry (2006)
LARRY,2006,-19.7,138.7,20.0,2006-03-21 12:00:00,Larry (2006)
